item_id,sst2_idx,phenomenon,text,gold
N000,,natural,"if looking for a thrilling sci-fi cinematic ride , do n't settle for this imposter .",neg
N001,,natural,the talented and clever robert rodriguez perhaps put a little too much heart into his first film and did n't reserve enough for his second .,neg
N002,,natural,"the film contains no good jokes , no good scenes , barely a moment when carvey 's saturday night live-honed mimicry rises above the level of embarrassment .",neg
N003,,natural,the script is n't very good ; not even someone as gifted as hoffman ( the actor ) can make it work .,neg
N004,,natural,burns never really harnesses to full effect the energetic cast .,neg
N005,,natural,"i 've always dreamed of attending cannes , but after seeing this film , it 's not that big a deal .",neg
N006,,natural,"at the very least , if you do n't know anything about derrida when you walk into the theater , you wo n't know much more when you leave .",neg
N007,,natural,stealing harvard aspires to comedic grand larceny but stands convicted of nothing more than petty theft of your time .,neg
N008,,natural,"it 's not original , and , robbed of the element of surprise , it does n't have any huge laughs in its story of irresponsible cops who love to play pranks .",neg
N009,,natural,"with the exception of some fleetingly amusing improvisations by cedric the entertainer as perry 's boss , there is n't a redeeming moment here .",neg
N010,,natural,"the title not only describes its main characters , but the lazy people behind the camera as well .",neg
N011,,natural,overall the film feels like a low-budget tv pilot that could not find a buyer to play it on the tube .,neg
N012,,natural,no one but a convict guilty of some truly heinous crime should have to sit through the master of disguise .,neg
N013,,natural,there 's not enough here to justify the almost two hours .,neg
N014,,natural,... nothing scary here except for some awful acting and lame special effects .,neg
N015,,natural,the best that can be said about the work here of scottish director ritchie ... is that he obviously does n't have his heart in it .,neg
N016,,natural,davis ... is so enamored of her own creation that she ca n't see how insufferable the character is .,neg
N017,,natural,what the director ca n't do is make either of val kilmer 's two personas interesting or worth caring about .,neg
N018,,natural,not since freddy got fingered has a major release been so painful to sit through .,neg
N019,,natural,"too often , the viewer is n't reacting to humor so much as they are wincing back in repugnance .",neg
N020,,natural,"in an effort , i suspect , not to offend by appearing either too serious or too lighthearted , it offends by just being wishy-washy .",neg
N021,,natural,"does n't offer much besides glib soullessness , raunchy language and a series of brutal set pieces ... that raise the bar on stylized screen violence .",neg
N022,,natural,there 's no emotional pulse to solaris .,neg
N023,,natural,even horror fans will most likely not find what they 're seeking with trouble every day ; the movie lacks both thrills and humor .,neg
N024,,natural,"the movie is what happens when you blow up small potatoes to 10 times their natural size , and it ai n't pretty .",neg
N025,,natural,a dumb movie with dumb characters doing dumb things and you have to be really dumb not to see where this is going .,neg
N026,,natural,"it 's dumb , but more importantly , it 's just not scary .",neg
N027,,natural,"scores no points for originality , wit , or intelligence .",neg
N028,,natural,not an objectionable or dull film ; it merely lacks everything except good intentions .,neg
N029,,natural,"for all the writhing and wailing , tears , rage and opium overdoses , there 's no sense of actual passion being washed away in love 's dissolution .",neg
N030,,natural,"unfortunately , it 's not silly fun unless you enjoy really bad movies .",neg
N031,,natural,the end result is a film that 's neither .,neg
N032,,natural,"not only unfunny , but downright repellent .",neg
N033,,natural,"if there 's one thing this world needs less of , it 's movies about college that are written and directed by people who could n't pass an entrance exam .",neg
N034,,natural,"impostor has a handful of thrilling moments and a couple of good performances , but the movie does n't quite fly .",neg
N035,,natural,it 's not the ultimate depression-era gangster movie .,neg
N036,,natural,the film 's few ideas are stretched to the point of evaporation ; the whole central section is one big chase that seems to have no goal and no urgency .,neg
N037,,natural,"there seems to be no clear path as to where the story 's going , or how long it 's going to take to get there .",neg
N038,,natural,serving sara does n't serve up a whole lot of laughs .,neg
N039,,natural,"the film 's hackneyed message is not helped by the thin characterizations , nonexistent plot and pretentious visual style .",neg
N040,,natural,"it 's as if you 're watching a movie that was made in 1978 but not released then because it was so weak , and it has been unearthed and released now , when it has become even weaker .",neg
N041,,natural,"try as i may , i ca n't think of a single good reason to see this movie , even though everyone in my group extemporaneously shouted , ` thank you ! '",neg
N042,,natural,"it 's clear the filmmakers were n't sure where they wanted their story to go , and even more clear that they lack the skills to get us to this undetermined destination .",neg
N043,,natural,"the words , ` frankly , my dear , i do n't give a damn , ' have never been more appropriate .",neg
N044,,natural,"his last movie was poetically romantic and full of indelible images , but his latest has nothing going for it .",neg
N045,,natural,"this is not the undisputed worst boxing movie ever , but it 's certainly not a champion - the big loser is the audience .",neg
N046,,natural,"with its dogged hollywood naturalism and the inexorable passage of its characters toward sainthood , windtalkers is nothing but a sticky-sweet soap .",neg
N047,,natural,"determined to be fun , and bouncy , with energetic musicals , the humor did n't quite engage this adult .",neg
N048,,natural,not really bad so much as distasteful : we need kidnapping suspense dramas right now like we need doomsday thrillers .,neg
N049,,natural,"i sympathize with the plight of these families , but the movie does n't do a very good job conveying the issue at hand .",neg
N050,,natural,do n't be fooled by the impressive cast list - eye see you is pure junk .,neg
N051,,natural,"all the amped-up tony hawk-style stunts and thrashing rap-metal ca n't disguise the fact that , really , we 've been here , done that .",neg
N052,,natural,"it 's just disappointingly superficial -- a movie that has all the elements necessary to be a fascinating , involving character study , but never does more than scratch the surface .",neg
N053,,natural,involves two mysteries -- one it gives away and the other featuring such badly drawn characters that its outcome hardly matters .,neg
N054,,natural,"the movie , directed by mick jackson , leaves no cliche unturned , from the predictable plot to the characters straight out of central casting .",neg
N055,,natural,"it ca n't decide if it wants to be a mystery/thriller , a romance or a comedy .",neg
N056,,natural,... turns so unforgivably trite in its last 10 minutes that anyone without a fortified sweet tooth will likely go into sugar shock .,neg
N057,,natural,a by-the-numbers effort that wo n't do much to enhance the franchise .,neg
N058,,natural,the character of zigzag is not sufficiently developed to support a film constructed around him .,neg
N059,,natural,"as a rumor of angels reveals itself to be a sudsy tub of supernatural hokum , not even ms. redgrave 's noblest efforts can redeem it from hopeless sentimentality .",neg
N060,,natural,"it 's not that kung pow is n't funny some of the time -- it just is n't any funnier than bad martial arts movies are all by themselves , without all oedekerk 's impish augmentation .",neg
N061,,natural,"it does nothing new with the old story , except to show fisticuffs in this sort of stop-go slow motion that makes the gang rumbles look like they 're being streamed over a 28k modem .",neg
N062,,natural,"for all its impressive craftsmanship , and despite an overbearing series of third-act crescendos , lily chou-chou never really builds up a head of emotional steam .",neg
N063,,natural,"the movie is dawn of the dead crossed with john carpenter 's ghosts of mars , with zombies not as ghoulish as the first and trains not as big as the second .",neg
N064,,natural,"the x potion gives the quickly named blossom , bubbles and buttercup supernatural powers that include extraordinary strength and laser-beam eyes , which unfortunately do n't enable them to discern flimsy screenplays .",neg
N065,,natural,"it showcases carvey 's talent for voices , but not nearly enough and not without taxing every drop of one 's patience to get to the good stuff .",neg
N066,,natural,"sit through this one , and you wo n't need a magic watch to stop time ; your dvd player will do it for you .",neg
N067,,natural,"ultimately feels empty and unsatisfying , like swallowing a communion wafer without the wine .",neg
N068,,natural,"you wo n't like roger , but you will quickly recognize him .",neg
N069,,natural,"there is n't nearly enough fun here , despite the presence of some appealing ingredients .",neg
N070,,natural,nervous breakdowns are not entertaining .,neg
N071,,natural,"it does n't believe in itself , it has no sense of humor ... it 's just plain bored .",neg
N072,,natural,"while ( hill ) has learned new tricks , the tricks alone are not enough to salvage this lifeless boxing film .",neg
N073,,natural,`` the time machine '' is a movie that has no interest in itself .,neg
N074,,natural,"care deftly captures the wonder and menace of growing up , but he never really embraces the joy of fuhrman 's destructive escapism or the grace-in-rebellion found by his characters .",neg
N075,,natural,fresnadillo 's dark and jolting images have a way of plying into your subconscious like the nightmare you had a week ago that wo n't go away .,pos
N076,,natural,"but taken as a stylish and energetic one-shot , the queen of the damned can not be said to suck .",pos
N077,,natural,reign of fire looks as if it was made without much thought -- and is best watched that way .,pos
N078,,natural,you do n't have to know about music to appreciate the film 's easygoing blend of comedy and romance .,pos
N079,,natural,"whether writer-director anne fontaine 's film is a ghost story , an account of a nervous breakdown , a trip down memory lane , all three or none of the above , it is as seductive as it is haunting .",pos
N080,,natural,"looking aristocratic , luminous yet careworn in jane hamilton 's exemplary costumes , rampling gives a performance that could not be improved upon . '",pos
N081,,natural,"it haunts you , you ca n't forget it , you admire its conception and are able to resolve some of the confusions you had while watching it .",pos
N082,,natural,a good piece of work more often than not .,pos
N083,,natural,montias ... pumps a lot of energy into his nicely nuanced narrative and surrounds himself with a cast of quirky -- but not stereotyped -- street characters .,pos
N084,,natural,"like mike is a winner for kids , and no doubt a winner for lil bow wow , who can now add movies to the list of things he does well .",pos
N085,,natural,"while its careful pace and seemingly opaque story may not satisfy every moviegoer 's appetite , the film 's final scene is soaringly , transparently moving .",pos
N086,,natural,"it has charm to spare , and unlike many romantic comedies , it does not alienate either gender in the audience .",pos
N087,,natural,it 's great escapist fun that recreates a place and time that will never happen again .,pos
N088,,natural,"so unassuming and pure of heart , you ca n't help but warmly extend your arms and yell ` safe ! '",pos
N089,,natural,"hardly a masterpiece , but it introduces viewers to a good charitable enterprise and some interesting real people .",pos
N090,,natural,"it 's so good that its relentless , polished wit can withstand not only inept school productions , but even oliver parker 's movie adaptation .",pos
N091,,natural,"and if you 're not nearly moved to tears by a couple of scenes , you 've got ice water in your veins .",pos
N092,,natural,"highbrow self-appointed guardians of culture need not apply , but those who loved cool as ice have at last found a worthy follow-up .",pos
N093,,natural,"it moves quickly , adroitly , and without fuss ; it does n't give you time to reflect on the inanity -- and the cold war datedness -- of its premise .",pos
N094,,natural,"while undisputed is n't exactly a high , it is a gripping , tidy little movie that takes mr. hill higher than he 's been in a while .",pos
N095,,natural,"a fitfully amusing romp that , if nothing else , will appeal to fans of malcolm in the middle and its pubescent star , frankie muniz .",pos
N096,,natural,"not only is undercover brother as funny , if not more so , than both austin powers films , but it 's also one of the smarter , savvier spoofs to come along in some time .",pos
N097,,natural,"the lion king was a roaring success when it was released eight years ago , but on imax it seems better , not just bigger .",pos
N098,,natural,"not far beneath the surface , this reconfigured tale asks disturbing questions about those things we expect from military epics .",pos
N099,,natural,"an effectively creepy , fear-inducing ( not fear-reducing ) film from japanese director hideo nakata , who takes the superstitious curse on chain letters and actually applies it .",pos
N100,,natural,"no sophomore slump for director sam mendes , who segues from oscar winner to oscar-winning potential with a smooth sleight of hand .",pos
N101,,natural,"it will grip even viewers who are n't interested in rap , as it cuts to the heart of american society in an unnerving way .",pos
N102,,natural,"it 's about following your dreams , no matter what your parents think .",pos
N103,,natural,it 's refreshing to see a girl-power movie that does n't feel it has to prove anything .,pos
N104,,natural,"... a story we have n't seen on the big screen before , and it 's a story that we as americans , and human beings , should know .",pos
N105,,natural,the terrific and bewilderingly underrated campbell scott gives a star performance that is nothing short of mesmerizing .,pos
N106,,natural,"whether you like rap music or loathe it , you ca n't deny either the tragic loss of two young men in the prime of their talent or the power of this movie .",pos
N107,,natural,"the movie is n't just hilarious : it 's witty and inventive , too , and in hindsight , it is n't even all that dumb .",pos
N108,,natural,( d ) oes n't bother being as cloying or preachy as equivalent evangelical christian movies -- maybe the filmmakers know that the likely audience will already be among the faithful .,pos
N109,,natural,cq 's reflection of artists and the love of cinema-and-self suggests nothing less than a new voice that deserves to be considered as a possible successor to the best european directors .,pos
N110,,natural,"about a manga-like heroine who fights back at her abusers , it 's energetic and satisfying if not deep and psychological .",pos
N111,,natural,a taut psychological thriller that does n't waste a moment of its two-hour running time .,pos
N112,,natural,"there is nothing outstanding about this film , but it is good enough and will likely be appreciated most by sailors and folks who know their way around a submarine .",pos
N113,,natural,"nothing 's at stake , just a twisty double-cross you can smell a mile away -- still , the derivative nine queens is lots of fun .",pos
N114,,natural,"not only are the special effects and narrative flow much improved , and daniel radcliffe more emotionally assertive this time around as harry , but the film conjures the magic of author j.k. rowling 's books .",pos
N115,,natural,"neither parker nor donovan is a typical romantic lead , but they bring a fresh , quirky charm to the formula .",pos
N116,,natural,two hours fly by -- opera 's a pleasure when you do n't have to endure intermissions -- and even a novice to the form comes away exhilarated .,pos
N117,,natural,"byler reveals his characters in a way that intrigues and even fascinates us , and he never reduces the situation to simple melodrama .",pos
N118,,natural,a marvel like none you 've seen .,pos
N119,,natural,the structure the film takes may find matt damon and ben affleck once again looking for residuals as this officially completes a good will hunting trilogy that was never planned .,pos
N120,,natural,the magic of the film lies not in the mysterious spring but in the richness of its performances .,pos
N121,,natural,"although german cooking does not come readily to mind when considering the world 's best cuisine , mostly martha could make deutchland a popular destination for hungry tourists .",pos
N122,,natural,"mcconaughey 's fun to watch , the dragons are okay , not much fire in the script .",pos
N123,,natural,"inside the film 's conflict-powered plot there is a decent moral trying to get out , but it 's not that , it 's the tension that keeps you in your seat .",pos
N124,,natural,we have n't seen such hilarity since say it is n't so !,pos
N125,,natural,"even if you do n't think ( kissinger 's ) any more guilty of criminal activity than most contemporary statesmen , he 'd sure make a courtroom trial great fun to watch .",pos
N126,,natural,"without ever becoming didactic , director carlos carrera expertly weaves this novelistic story of entangled interrelationships and complex morality .",pos
N127,,natural,if your taste runs to ` difficult ' films you absolutely ca n't miss it .,pos
N128,,natural,"all-in-all , the film is an enjoyable and frankly told tale of a people who live among us , but not necessarily with us .",pos
N129,,natural,not since tom cruise in risky business has an actor made such a strong impression in his underwear .,pos
N130,,natural,"not the kind of film that will appeal to a mainstream american audience , but there is a certain charm about the film that makes it a suitable entry into the fest circuit .",pos
N131,,natural,"moody , heartbreaking , and filmed in a natural , unforced style that makes its characters seem entirely convincing even when its script is not .",pos
N132,,natural,it 's one heck of a character study -- not of hearst or davies but of the unique relationship between them .,pos
N133,,natural,"... an otherwise intense , twist-and-turn thriller that certainly should n't hurt talented young gaghan 's resume .",pos
N134,,natural,a working class `` us vs. them '' opera that leaves no heartstring untugged and no liberal cause unplundered .,pos
N135,,natural,"this is wild surreal stuff , but brilliant and the camera just kind of sits there and lets you look at this and its like you 're going from one room to the next and none of them have any relation to the other .",pos
N136,,natural,"despite its title , punch-drunk love is never heavy-handed .",pos
N137,,natural,"harrison 's flowers puts its heart in the right place , but its brains are in no particular place at all .",pos
N138,,natural,"based on a devilishly witty script by heather mcgowan and niels mueller , the film gets great laughs , but never at the expense of its characters",pos
N139,,natural,the subtle strength of `` elling '' is that it never loses touch with the reality of the grim situation .,pos
N140,,natural,"kinnear does n't aim for our sympathy , but rather delivers a performance of striking skill and depth .",pos
N141,,natural,"a full world has been presented onscreen , not some series of carefully structured plot points building to a pat resolution .",pos
N142,,natural,"this is a story of two misfits who do n't stand a chance alone , but together they are magnificent .",pos
N143,,natural,the quality of the art combined with the humor and intelligence of the script allow the filmmakers to present the biblical message of forgiveness without it ever becoming preachy or syrupy .,pos
N144,,natural,not since japanese filmmaker akira kurosawa 's ran have the savagery of combat and the specter of death been visualized with such operatic grandeur .,pos
N145,,natural,no screen fantasy-adventure in recent memory has the showmanship of clones ' last 45 minutes .,pos
N146,,natural,"visually imaginative , thematically instructive and thoroughly delightful , it takes us on a roller-coaster ride from innocence to experience without even a hint of that typical kiddie-flick sentimentality .",pos
N147,,natural,it seems like i have been waiting my whole life for this movie and now i ca n't wait for the sequel .,pos
N148,,natural,"nine queens is not only than a frighteningly capable debut and genre piece , but also a snapshot of a dangerous political situation on the verge of coming to a head .",pos
